,Fname,ActualCategory
0, benign-XA11_res,Benign
1, benign-XA12_res,Benign
2, benign-XA17_res,Benign
3, benign-XA7_res,Benign
4, benign-XA8_res,Benign
5, benign-XB3_res,Benign
6, benign-XB4_res,Benign
7, benign-XC3_res,Benign
8, benign-XC5_res,Benign
9, benign-XC6_res,Benign
10, benign-XC8_res,Benign
11, benign-XE4_res,Benign
12, benign-XF1_res,Benign
13, benign-XF3_res,Benign
14, benign-XF4_res,Benign
15, benign-XF7_res,Benign
16, benign-XF8_res,Benign
17, benign-XG11_res,Benign
18, benign-XG17_res,Benign
19, benign-XG18_res,Benign
20, benign-XG1_res,Benign
21, benign-XG20_res,Benign
22, benign-XG8_res,Benign
23, benign-XH1_res,Benign
24, benign-XH2_res,Benign
25, benign-XH3_res,Benign
26, benign-XH6_res,Benign
27, benign-XH8_res,Benign
28, benign-YA1_res,Benign
29, benign-YA22_res,Benign
30, benign-YA30_res,Benign
31, benign-YA33_res,Benign
32, benign-YA34_res,Benign
33, benign-YA37_res,Benign
34, benign-YA38_res,Benign
35, benign-YA45_res,Benign
36, benign-YA46_res,Benign
37, benign-YA48_res,Benign
38, benign-YA49_res,Benign
39, benign-YA4_res,Benign
40, benign-YA52_res,Benign
41, benign-YA53_res,Benign
42, benign-YA54_res,Benign
43, benign-YA55_res,Benign
44, benign-YA5_res,Benign
45, benign-YA6_res,Benign
46, benign-YA8_res,Benign
47, benign-YB10_res,Benign
48, benign-YB14_res,Benign
49, benign-YB18_res,Benign
50, benign-YB19_res,Benign
51, benign-YB21_res,Benign
52, benign-YB33_res,Benign
53, benign-YB37_res,Benign
54, benign-YB39_res,Benign
55, benign-YB47_res,Benign
56, benign-YB4_res,Benign
57, benign-YB53_res,Benign
58, benign-YB6_res,Benign
59, benign-YC13_res,Benign
60, benign-YC15_res,Benign
61, benign-YC17_res,Benign
62, benign-YC18_res,Benign
63, benign-YC21_res,Benign
64, benign-YC22_res,Benign
65, benign-YC23_res,Benign
66, benign-YC24_res,Benign
67, benign-YC26_res,Benign
68, benign-YC28_res,Benign
69, benign-YC33_res,Benign
70, benign-YC39_res,Benign
71, benign-YC45_res,Benign
72, benign-YC47_res,Benign
73, benign-YC48_res,Benign
74, benign-YC52_res,Benign
75, benign-YC54_res,Benign
76, benign-YC5_res,Benign
77, benign-YC9_res,Benign
78, benign-YD11_res,Benign
79, benign-YD16_res,Benign
80, benign-YD18_res,Benign
81, benign-YD19_res,Benign
82, benign-YD22_res,Benign
83, benign-YD9_res,Benign
84, benign-ZA13_res,Benign
85, benign-ZA19_res,Benign
86, benign-ZA20_res,Benign
87, benign-ZA21_res,Benign
88, benign-ZA27_res,Benign
89, benign-ZA30_res,Benign
90, benign-ZA32_res,Benign
91, benign-ZA38_res,Benign
92, benign-ZA41_res,Benign
93, benign-ZA42_res,Benign
94, benign-ZA44_res,Benign
95, benign-ZA46_res,Benign
96, benign-ZA47_res,Benign
97, benign-ZA52_res,Benign
98, benign-ZA53_res,Benign
99, benign-ZA8_res,Benign
100, benign-ZB10_res,Benign
101, benign-ZB2_res,Benign
102, benign-ZB5_res,Benign
103, benign-ZB6_res,Benign
104, benign-ZB7_res,Benign
105, benign-ZC16_res,Benign
106, benign-ZC19_res,Benign
107, benign-ZC1_res,Benign
108, benign-ZC23_res,Benign
109, benign-ZC25_res,Benign
110, benign-ZC26_res,Benign
111, benign-ZC29_res,Benign
112, benign-ZC30_res,Benign
113, benign-ZC32_res,Benign
114, benign-ZC37_res,Benign
115, benign-ZC3_res,Benign
116, benign-ZC7_res,Benign
117, benign-ZD12_res,Benign
118, benign-ZD16_res,Benign
119, benign-ZD5_res,Benign
120, benign-ZD7_res,Benign
121, benign-ZE16_res,Benign
122, benign-ZE18_res,Benign
123, benign-ZE19_res,Benign
124, benign-ZE20_res,Benign
125, benign-ZE24_res,Benign
126, benign-ZE28_res,Benign
127, benign-ZE35_res,Benign
128, benign-ZE4_res,Benign
129, benign-ZE56_res,Benign
130, benign-ZE59_res,Benign
131, benign-ZE61_res,Benign
132, benign-ZE62_res,Benign
133, benign-ZE65_res,Benign
134, benign-ZE66_res,Benign
135, benign-ZE6_res,Benign
136, benign-ZE71_res,Benign
137, benign-ZE7_res,Benign
138, drebin-5101_res,Malware
139, drebin-5107_res,Malware
140, drebin-5109_res,Malware
141, drebin-5112_res,Malware
142, drebin-5113_res,Malware
143, drebin-5124_res,Malware
144, drebin-5125_res,Malware
145, drebin-5127_res,Malware
146, drebin-512_res,Malware
147, drebin-5130_res,Malware
148, drebin-5135_res,Malware
149, drebin-5148_res,Malware
150, drebin-5152_res,Malware
151, drebin-5153_res,Malware
152, drebin-5156_res,Malware
153, drebin-5157_res,Malware
154, drebin-5164_res,Malware
155, drebin-5173_res,Malware
156, drebin-5189_res,Malware
157, drebin-518_res,Malware
158, drebin-5204_res,Malware
159, drebin-5205_res,Malware
160, drebin-5213_res,Malware
161, drebin-521_res,Malware
162, drebin-5222_res,Malware
163, drebin-5227_res,Malware
164, drebin-5229_res,Malware
165, drebin-5231_res,Malware
166, drebin-5236_res,Malware
167, drebin-5238_res,Malware
168, drebin-524_res,Malware
169, drebin-5252_res,Malware
170, drebin-5253_res,Malware
171, drebin-5259_res,Malware
172, drebin-5266_res,Malware
173, drebin-5269_res,Malware
174, drebin-5276_res,Malware
175, drebin-5285_res,Malware
176, drebin-5290_res,Malware
177, drebin-5294_res,Malware
178, drebin-52_res,Malware
179, drebin-5301_res,Malware
180, drebin-5307_res,Malware
181, drebin-5315_res,Malware
182, drebin-5320_res,Malware
183, drebin-5321_res,Malware
184, drebin-5325_res,Malware
185, drebin-5328_res,Malware
186, drebin-5329_res,Malware
187, drebin-5331_res,Malware
188, drebin-5334_res,Malware
189, drebin-5335_res,Malware
190, drebin-5340_res,Malware
191, drebin-5343_res,Malware
192, drebin-5361_res,Malware
193, drebin-5362_res,Malware
194, drebin-5364_res,Malware
195, drebin-5382_res,Malware
196, drebin-5391_res,Malware
197, drebin-5392_res,Malware
198, drebin-539_res,Malware
199, drebin-5419_res,Malware
200, drebin-5435_res,Malware
201, drebin-5440_res,Malware
202, drebin-5441_res,Malware
203, drebin-5443_res,Malware
204, drebin-5445_res,Malware
205, drebin-544_res,Malware
206, drebin-5461_res,Malware
207, drebin-5464_res,Malware
208, drebin-5466_res,Malware
209, drebin-5474_res,Malware
210, drebin-547_res,Malware
211, drebin-5487_res,Malware
212, drebin-5488_res,Malware
213, drebin-5491_res,Malware
214, drebin-5498_res,Malware
215, drebin-5504_res,Malware
216, drebin-5505_res,Malware
217, drebin-5512_res,Malware
218, drebin-5514_res,Malware
219, drebin-5526_res,Malware
220, drebin-5532_res,Malware
221, drebin-553_res,Malware
222, drebin-5542_res,Malware
223, drebin-5544_res,Malware
224, drebin-5545_res,Malware
225, drebin-5546_res,Malware
226, drebin-5558_res,Malware
227, drebin-561_res,Malware
228, drebin-562_res,Malware
229, drebin-565_res,Malware
230, drebin-567_res,Malware
231, drebin-573_res,Malware
232, drebin-578_res,Malware
233, drebin-584_res,Malware
